total_area_px,coverage_ratio,height_proxy,width_proxy,aspect_ratio,compactness,canopy_h_cm,canopy_w_cm,hull_ratio,perimeter_px,perimeter_ratio,leaf_count,leaf_count_raw,leaf_count_method,shoot_count,root_count,stem_count,mean_leaf_area_px,leaf_area_cv,max_leaf_area_px,green_pct,greenness,dark_green_ratio,yellow_ratio,brown_ratio,healthy_color,mean_hue,mean_sat,mean_val,glare_score,condensation_score,brightness_mean,brightness_std,mean_score,min_score,score_std,image,species,verdict,readiness_index,confidence,quality_warning,note
1627629,0.328227,0.942128,0.696546,1.134002,0.500167,,,1.029269,6725.88,0.752167,8,15,prompt,2,0,2,44048.88,0.7102,115485.0,73.88,0.3806,39.14,11.61,0.44,61.84,39.99,74.19,94.21,1.07,2.12,109.04,35.59,0.6984,0.5246,0.1258,001.jpg,พริกจินดา,พร้อมอนุบาล,0.6684,0.7914,,
1866072,0.320962,0.581333,0.901703,0.561373,0.612301,,,0.760187,11135.75,1.151815,8,10,prompt,2,0,5,32983.0,0.8599,90783.0,47.16,0.3702,21.55,21.01,0.0,26.15,35.24,64.73,115.15,2.03,2.63,117.35,36.59,0.6226,0.5019,0.0984,002.jpg,พริกจินดา,พร้อมอนุบาล,0.4764,0.7838,,
706857,0.207019,0.923077,0.614369,0.773704,0.365043,,,2.306884,3988.49,0.511214,11,26,prompt,0,0,4,63234.18,0.9307,217635.0,91.41,0.4026,49.28,6.04,0.01,85.37,41.41,95.12,90.46,0.39,0.76,115.88,36.01,0.7053,0.5108,0.1223,003.jpg,พริกจินดา,พร้อมอนุบาล,0.6547,0.7969,,
1471726,0.267301,0.574901,0.763255,0.700592,0.609169,,,0.785383,9242.33,0.984064,11,28,prompt,1,0,7,69738.45,1.2379,318730.0,76.08,0.3957,46.71,14.91,0.04,61.13,39.67,91.64,96.17,2.43,3.31,120.18,39.44,0.6523,0.5052,0.1188,004.jpg,พริกจินดา,พร้อมอนุบาล,0.5344,0.7806,,
1430981,0.25635,1.0,0.771666,1.132821,0.332203,,,0.742471,10243.73,1.081475,11,16,prompt,3,0,4,50924.09,1.0012,185432.0,84.43,0.3858,32.02,5.49,0.01,78.93,42.29,77.91,105.85,2.12,2.74,124.89,35.87,0.6848,0.5397,0.1025,005.jpg,พริกจินดา,พร้อมอนุบาล,0.6815,0.783,,
1454889,0.234751,0.844668,0.751002,1.120662,0.370066,,,0.905368,8322.11,0.835721,10,13,prompt,3,0,1,35034.2,0.9999,118242.0,71.86,0.3776,38.82,10.97,0.02,60.87,41.86,68.6,98.69,1.03,1.6,117.87,34.79,0.6393,0.5103,0.0891,006.jpg,พริกจินดา,พร้อมอนุบาล,0.5864,0.7918,,
1628440,0.236681,0.970486,0.771452,1.516549,0.316129,,,1.013882,9033.53,0.857234,10,21,prompt,4,0,5,45268.6,1.2971,211361.0,81.27,0.3851,44.42,7.17,0.01,74.09,41.04,76.98,95.23,1.64,2.13,120.73,37.35,0.674,0.5093,0.1061,007.jpg,พริกจินดา,พร้อมอนุบาล,0.6533,0.7869,,
1256389,0.195247,0.951959,0.649285,1.668394,0.315886,,,1.146323,5244.41,0.515776,9,19,prompt,3,0,0,33183.22,0.8401,104083.0,78.78,0.3832,35.17,5.11,0.01,73.66,41.59,74.2,102.3,1.81,2.57,123.22,36.89,0.6939,0.5153,0.1169,008.jpg,พริกจินดา,ยังไม่พร้อม,0.6196,0.7855,,
1624415,0.231406,0.947871,0.746993,1.341299,0.326821,,,1.153215,5815.27,0.548507,8,10,prompt,4,0,0,33241.88,0.5246,66829.0,79.45,0.3809,33.16,4.1,0.01,75.34,41.96,71.52,102.72,1.67,2.19,123.79,36.21,0.7274,0.5569,0.1051,009.jpg,พริกจินดา,พร้อมอนุบาล,0.6384,0.7866,,
1402998,0.264512,0.540115,0.7197,0.620406,0.680468,,,0.856531,7574.57,0.818519,11,15,prompt,1,0,3,20658.64,0.7193,58111.0,76.3,0.3808,45.77,7.03,0.02,69.25,41.73,70.87,95.66,2.0,2.63,113.0,37.27,0.6814,0.5022,0.1372,010.jpg,พริกจินดา,พร้อมอนุบาล,0.5232,0.784,,
228172,0.039023,0.50523,0.409176,1.02114,0.188764,,,1.693877,2057.13,0.211726,5,9,prompt,0,0,1,47094.4,0.7463,97882.0,16.16,0.3786,1.99,73.62,0.0,-57.46,30.66,94.21,110.25,1.23,1.68,128.11,35.25,0.627,0.5477,0.0711,011.jpg,พริกจินดา,ยังไม่พร้อม,0.2196,0.7902,,ใบเหลืองมาก
1992568,0.229485,0.713904,0.766368,0.960432,0.419447,,,1.063605,9896.72,0.839559,11,21,prompt,2,0,8,56935.45,1.5425,316766.0,61.49,0.3846,29.62,16.25,0.18,45.06,38.61,78.78,100.82,1.13,1.75,122.62,35.9,0.6678,0.5055,0.1314,012.jpg,พริกจินดา,พร้อมอนุบาล,0.5134,0.791,,
1866809,0.212367,0.706551,0.765146,0.940391,0.392825,,,1.002004,9913.74,0.835897,9,19,prompt,2,0,12,66704.33,1.4496,324978.0,65.16,0.3869,30.63,16.42,0.05,48.7,38.97,81.05,99.83,1.26,1.93,123.61,36.17,0.6803,0.5094,0.1342,013.jpg,พริกจินดา,พร้อมอนุบาล,0.5136,0.7899,,
1168994,0.203424,0.512649,0.630332,0.621168,0.629525,,,0.833396,7694.2,0.795184,13,19,prompt,1,0,6,44360.08,0.8183,98384.0,76.58,0.3948,37.9,19.37,0.0,57.21,37.53,93.71,98.11,1.29,1.92,128.73,38.17,0.6658,0.5053,0.1205,014.jpg,พริกจินดา,พร้อมอนุบาล,0.4852,0.7897,,
1067456,0.202162,0.487969,0.630067,0.633354,0.657538,,,0.775899,7959.99,0.861657,8,15,prompt,1,0,4,55471.12,0.8644,173333.0,76.02,0.3938,40.61,20.01,0.0,56.01,37.64,92.73,95.83,1.25,1.66,125.89,37.91,0.6777,0.5008,0.1327,015.jpg,พริกจินดา,พร้อมอนุบาล,0.4755,0.79,,
2512612,0.285638,0.703877,0.807823,0.886737,0.502347,,,0.862921,9167.51,0.772717,10,15,prompt,3,0,0,48952.8,0.688,123141.0,41.46,0.3758,24.91,27.55,0.28,13.63,36.22,74.99,102.67,1.26,2.25,124.68,37.78,0.6607,0.5085,0.1274,016.jpg,พริกจินดา,พร้อมอนุบาล,0.4784,0.7899,,
1408840,0.161644,0.696524,0.529008,1.352369,0.438694,,,0.802776,8852.43,0.749571,6,16,prompt,2,0,0,82984.67,0.7875,183320.0,62.56,0.3911,39.8,26.12,0.02,36.42,38.82,90.24,91.63,1.3,2.16,122.78,37.85,0.6846,0.5016,0.1139,017.jpg,พริกจินดา,ยังไม่พร้อม,0.4775,0.7896,,
252164,0.028168,0.255682,0.238636,1.071429,0.461661,,,0.62137,4641.6,0.387835,2,14,prompt,1,0,0,126656.5,0.0053,127326.0,91.36,0.4053,56.41,1.16,0.03,90.18,41.6,96.88,87.83,2.23,2.57,131.41,35.06,0.7475,0.5163,0.1377,018.jpg,พริกจินดา,ROI-ไม่ชัด-ตรวจเอง,0.3649,0.7822,,ไม่พบขวด (SAM3) → ROI ทั้งภาพ
467232,0.052193,0.25635,0.350267,0.73187,0.581267,,,0.706431,5283.39,0.44146,3,13,prompt,1,0,0,139828.33,0.674,207994.0,93.25,0.4157,72.0,0.1,0.0,93.14,47.64,96.18,77.72,0.97,1.99,134.44,35.14,0.6699,0.5287,0.1095,019.jpg,พริกจินดา,ROI-ไม่ชัด-ตรวจเอง,0.3828,0.7922,,ไม่พบขวด (SAM3) → ROI ทั้งภาพ
382414,0.058421,0.405808,0.362331,1.234428,0.397326,,,0.457928,5989.46,0.584566,2,7,prompt,1,3,4,149700.0,0.1875,177768.0,72.59,0.3907,26.82,1.68,0.0,70.91,39.45,79.6,106.17,1.59,2.06,129.35,34.34,0.6724,0.5094,0.1152,020.jpg,พริกจินดา,ยังไม่พร้อม,0.3687,0.7873,,
274181,0.030628,0.385361,0.322861,1.193582,0.246168,,,0.956172,3668.26,0.306506,2,4,prompt,0,0,2,137658.0,0.2852,176924.0,92.1,0.3945,43.68,0.61,0.0,91.49,47.17,76.43,95.72,2.52,4.47,136.34,43.24,0.7083,0.5227,0.1148,021.jpg,พริกจินดา,ROI-ไม่ชัด-ตรวจเอง,0.4072,0.7798,,ไม่พบขวด (SAM3) → ROI ทั้งภาพ
391571,0.043741,0.412767,0.541778,0.761875,0.195596,,,0.269005,10791.57,0.901702,4,6,prompt,1,0,5,81651.25,0.6791,160857.0,91.65,0.4062,79.54,1.19,0.0,90.46,45.52,92.59,76.82,2.05,2.42,123.13,41.59,0.6995,0.5321,0.1395,022.jpg,พริกจินดา,ROI-ไม่ชัด-ตรวจเอง,0.4207,0.7836,,ไม่พบขวด (SAM3) → ROI ทั้งภาพ
574407,0.064165,0.542112,0.893717,0.606582,0.132436,,,0.252167,10843.62,0.906051,3,4,prompt,1,0,5,115738.67,0.7797,236142.0,75.7,0.3984,67.75,12.29,0.1,63.31,39.37,93.23,83.19,1.62,1.99,123.84,42.75,0.7071,0.5708,0.1253,023.jpg,พริกจินดา,ROI-ไม่ชัด-ตรวจเอง,0.4218,0.787,,ไม่พบขวด (SAM3) → ROI ทั้งภาพ
398823,0.047302,0.434705,0.613302,0.667575,0.177422,,,0.260449,9692.58,0.834129,3,3,prompt,1,0,4,70835.67,0.2251,84451.0,65.9,0.381,46.54,6.5,0.23,59.17,42.69,65.94,94.1,0.53,1.23,140.86,35.17,0.7591,0.5964,0.1269,024.jpg,พริกจินดา,ยังไม่พร้อม,0.3518,0.7958,,
278264,0.031084,0.406083,0.565842,0.717661,0.135277,,,0.241303,8800.38,0.735326,1,2,prompt,1,0,3,120909.0,0.0,120909.0,66.43,0.3817,34.21,5.06,0.02,61.35,47.58,66.94,105.45,1.51,2.63,139.91,34.03,0.8326,0.7408,0.058,025.jpg,พริกจินดา,ROI-ไม่ชัด-ตรวจเอง,0.3367,0.7879,,ไม่พบขวด (SAM3) → ROI ทั้งภาพ
576134,0.064358,0.403075,0.837567,0.481245,0.190632,,,0.316139,9972.62,0.833274,3,6,prompt,1,0,2,161634.0,0.2086,207178.0,76.89,0.3877,29.8,2.36,0.0,74.53,46.37,75.9,101.96,0.88,1.99,143.63,32.69,0.7722,0.5628,0.1322,026.jpg,พริกจินดา,ROI-ไม่ชัด-ตรวจเอง,0.3838,0.793,,ไม่พบขวด (SAM3) → ROI ทั้งภาพ
385127,0.043021,0.350602,0.675134,0.519307,0.181751,,,0.309521,8242.43,0.688706,4,6,prompt,1,0,3,64580.0,0.3931,95029.0,77.74,0.3956,56.99,2.67,0.01,75.06,46.95,82.17,88.86,0.28,0.97,128.82,34.48,0.7449,0.5132,0.127,027.jpg,พริกจินดา,ROI-ไม่ชัด-ตรวจเอง,0.3599,0.7978,,ไม่พบขวด (SAM3) → ROI ทั้งภาพ
375991,0.047367,0.56389,0.405414,1.233306,0.207198,,,0.313042,7920.7,0.701567,3,5,prompt,1,0,5,112733.33,0.6662,210070.0,87.06,0.3994,69.67,4.66,0.03,82.37,43.78,86.69,84.22,1.13,2.1,126.27,37.16,0.7386,0.5318,0.1258,028.jpg,พริกจินดา,ยังไม่พร้อม,0.454,0.791,,
534736,0.059733,0.537767,0.562166,0.956599,0.197587,,,0.255712,11940.41,0.997695,4,4,prompt,1,0,1,112558.25,0.7279,230407.0,82.88,0.3963,53.67,5.7,0.08,77.1,43.99,81.88,90.61,1.58,1.99,131.31,38.79,0.8176,0.6867,0.0879,029.jpg,พริกจินดา,ROI-ไม่ชัด-ตรวจเอง,0.4398,0.7874,,ไม่พบขวด (SAM3) → ROI ทั้งภาพ
283085,0.031622,0.509693,0.593249,0.859155,0.10458,,,0.283057,6458.9,0.539681,3,2,prompt,1,0,2,42172.33,0.8504,88839.0,54.46,0.368,15.04,2.13,0.0,52.32,44.88,48.75,100.66,0.77,1.12,135.58,39.46,0.8382,0.7524,0.0541,030.jpg,พริกจินดา,ROI-ไม่ชัด-ตรวจเอง,0.3321,0.7938,,ไม่พบขวด (SAM3) → ROI ทั้งภาพ
216744,0.024212,0.274733,0.495989,0.553908,0.177681,,,0.296772,5971.71,0.498973,2,5,prompt,1,0,1,61514.5,0.4864,91437.0,62.54,0.3741,26.9,8.05,0.0,54.48,43.44,60.57,105.58,1.81,2.9,147.38,32.43,0.7865,0.5211,0.1459,031.jpg,พริกจินดา,ROI-ไม่ชัด-ตรวจเอง,0.2821,0.7855,,ไม่พบขวด (SAM3) → ROI ทั้งภาพ
419356,0.046845,0.363636,0.633021,0.574446,0.203504,,,0.303308,8730.1,0.729453,3,5,prompt,1,0,2,105445.33,0.0926,115350.0,81.68,0.4026,71.41,6.64,0.0,75.03,45.1,86.12,76.22,0.42,1.88,122.87,36.21,0.805,0.68,0.0834,032.jpg,พริกจินดา,ROI-ไม่ชัด-ตรวจเอง,0.3776,0.7966,,ไม่พบขวด (SAM3) → ROI ทั้งภาพ
113206,0.012646,0.288436,0.322861,0.893375,0.135794,,,0.236221,4229.78,0.353424,2,4,prompt,1,0,1,50901.5,0.5594,79377.0,68.39,0.3743,56.89,4.95,0.0,63.44,46.24,55.81,86.05,1.21,1.73,126.25,32.77,0.8759,0.7889,0.0525,033.jpg,พริกจินดา,ROI-ไม่ชัด-ตรวจเอง,0.298,0.7903,,ไม่พบขวด (SAM3) → ROI ทั้งภาพ
126891,0.014174,0.262032,0.300134,0.873051,0.180235,,,0.332961,3857.88,0.32235,2,3,prompt,1,0,3,49027.0,0.0901,53442.0,79.33,0.3828,50.75,5.44,0.03,73.85,42.07,70.42,81.67,0.95,1.36,125.77,31.78,0.7384,0.5021,0.1636,034.jpg,พริกจินดา,ROI-ไม่ชัด-ตรวจเอง,0.3237,0.7924,,ไม่พบขวด (SAM3) → ROI ทั้งภาพ
222859,0.031899,0.390578,0.455548,0.669112,0.179283,,,0.279449,6335.78,0.594685,3,6,prompt,1,0,6,54808.33,0.3165,67976.0,85.19,0.3886,61.82,1.23,0.0,83.96,43.8,74.58,86.45,0.92,1.37,130.15,31.86,0.7356,0.5057,0.1589,035.jpg,พริกจินดา,ยังไม่พร้อม,0.3887,0.7926,,
201169,0.035055,0.493222,0.391711,0.807167,0.181444,,,0.298304,6217.22,0.633119,4,6,prompt,1,0,4,32456.5,0.4924,52329.0,73.29,0.3825,55.46,1.45,0.0,71.84,44.01,67.93,91.29,0.47,0.8,131.77,27.1,0.7183,0.5245,0.1497,036.jpg,พริกจินดา,ยังไม่พร้อม,0.3854,0.7962,,
167151,0.018672,0.624666,0.475602,1.313422,0.062848,,,0.284441,5598.11,0.467756,3,6,prompt,2,0,1,33761.33,0.5708,56328.0,49.46,0.3711,36.23,6.66,0.0,42.8,43.66,55.39,86.9,1.38,2.06,129.86,33.96,0.8162,0.591,0.1034,037.jpg,พริกจินดา,ROI-ไม่ชัด-ตรวจเอง,0.3451,0.789,,ไม่พบขวด (SAM3) → ROI ทั้งภาพ
344565,0.047353,0.565378,0.558489,0.822861,0.149966,,,0.288387,7233.93,0.666844,4,5,prompt,1,0,4,66244.0,0.5565,107016.0,79.25,0.3845,66.32,6.52,0.05,72.68,40.56,74.29,84.77,1.17,1.87,133.46,37.11,0.7297,0.5289,0.1306,038.jpg,พริกจินดา,ยังไม่พร้อม,0.431,0.7906,,
289537,0.043773,0.644674,0.558007,1.105658,0.121681,,,0.380115,6540.52,0.635619,5,5,prompt,2,0,4,53985.0,0.6507,101868.0,85.09,0.3903,76.65,3.4,0.02,81.67,42.55,78.96,73.06,0.53,0.99,126.79,33.24,0.727,0.5134,0.1642,039.jpg,พริกจินดา,ยังไม่พร้อม,0.4706,0.7958,,
270793,0.044132,0.666388,0.574941,1.083503,0.115187,,,0.398938,6157.05,0.621046,4,5,prompt,2,0,5,53035.75,0.6134,89485.0,82.51,0.3868,72.95,2.33,0.0,80.18,43.46,73.66,75.09,0.76,1.25,126.45,33.48,0.7432,0.5502,0.1348,040.jpg,พริกจินดา,ยังไม่พร้อม,0.4695,0.7939,,
0,0.0,0.0,0.0,0.0,0.0,,,0.0,0.0,0.0,0,0,prompt,0,0,0,0.0,0.0,0.0,0.0,0.0,0.0,0.0,0.0,0.0,0.0,0.0,0.0,0.0,0.0,159.31,36.51,0.0,0.0,0.0,041.jpg,พริกจินดา,ROI-ไม่ชัด-ตรวจเอง,0.0,0.8,,ไม่พบขวด (SAM3) → ROI ทั้งภาพ
703615,0.19009,0.9,0.831267,0.640693,0.254083,,,1.376493,4326.2,0.543355,3,6,prompt,2,0,1,98253.67,0.9122,221743.0,34.94,0.355,18.98,6.94,0.3,27.7,36.86,48.41,89.18,0.38,0.81,112.28,37.47,0.6549,0.5314,0.0766,042.jpg,พริกจินดา,ยังไม่พร้อม,0.4699,0.797,,
113213,0.018542,0.495849,0.509115,1.120205,0.073452,,,0.617434,2584.3,0.26083,4,6,prompt,2,0,1,20982.75,0.8687,50716.0,69.87,0.3856,64.94,6.04,0.13,63.7,39.17,77.62,68.58,0.01,0.77,114.99,38.59,0.7864,0.6242,0.1077,043.jpg,พริกจินดา,ยังไม่พร้อม,0.3676,0.7999,,
241261,0.049411,0.611838,0.558114,0.693101,0.144699,,,0.288875,6754.62,0.744557,8,8,prompt,1,0,0,20634.0,0.5937,37083.0,72.55,0.3851,67.12,2.07,0.0,70.49,40.32,75.9,81.13,0.25,0.99,120.91,39.58,0.7022,0.5066,0.1186,044.jpg,พริกจินดา,ยังไม่พร้อม,0.4259,0.798,,
33498,0.012347,0.315287,0.276852,0.662207,0.141456,,,0.23538,2152.65,0.315084,1,0,fallback,1,0,0,41662.0,0.0,41662.0,45.52,0.3623,4.21,7.72,0.0,37.8,37.7,49.47,136.08,0.19,0.6,157.15,25.31,0.5071,0.5071,0.0,045.jpg,พริกจินดา,ยังไม่พร้อม,0.2373,0.7985,,leaf prompt ไม่เจอ → นับใบจาก plant+shoot
74673,0.011364,0.17066,0.296162,0.496333,0.224846,,,0.334693,3138.48,0.30524,2,4,prompt,1,0,1,24678.5,0.1339,27984.0,47.7,0.3616,18.11,3.56,0.0,44.15,40.4,44.34,113.2,0.32,1.76,153.55,31.85,0.8392,0.7737,0.0572,046.jpg,พริกจินดา,ยังไม่พร้อม,0.2,0.7974,,
362906,0.044873,0.494266,0.807152,0.553209,0.112479,,,0.211469,10849.65,0.95256,4,6,prompt,1,0,5,61954.5,0.0469,66723.0,50.76,0.3818,50.62,2.59,0.16,48.01,39.45,74.47,50.35,0.0,0.27,79.13,33.23,0.6761,0.5246,0.1345,047.jpg,พริกจินดา,ยังไม่พร้อม,0.323,0.8,,
285090,0.032408,0.704068,0.647217,1.076166,0.071119,,,1.167868,3582.57,0.30197,3,5,prompt,0,0,4,67051.33,0.6131,99978.0,83.91,0.3824,29.19,3.6,0.0,80.32,40.09,73.52,103.03,1.87,2.41,125.61,35.52,0.6435,0.5255,0.0969,048.jpg,พริกจินดา,ยังไม่พร้อม,0.4792,0.785,,
295604,0.035978,0.39797,0.502686,0.733467,0.17984,,,0.262566,6890.0,0.600488,2,4,prompt,1,0,2,112932.5,0.1604,131049.0,81.78,0.387,45.7,0.97,0.0,80.81,41.74,75.71,95.92,1.46,1.96,126.55,37.32,0.81,0.5584,0.1246,049.jpg,พริกจินดา,ยังไม่พร้อม,0.3827,0.7883,,
164386,0.018363,0.298463,0.444519,0.671429,0.138408,,,0.24383,4860.16,0.406096,2,2,prompt,1,0,1,89954.0,0.6845,151524.0,54.57,0.368,15.65,1.79,0.01,52.77,40.98,53.47,104.97,1.77,2.17,127.79,32.52,0.5888,0.5548,0.0469,050.jpg,พริกจินดา,ยังไม่พร้อม,0.2624,0.7858,,
112339,0.014672,0.33646,0.388703,0.740327,0.112188,,,0.215806,4459.5,0.401685,2,4,prompt,1,0,1,63182.5,0.9406,122614.0,63.64,0.3699,19.98,0.08,0.0,63.55,43.44,57.18,102.04,0.84,1.14,125.07,29.87,0.5722,0.5163,0.047,051.jpg,พริกจินดา,ยังไม่พร้อม,0.2992,0.7933,,
331785,0.039449,0.668115,0.648879,1.095943,0.090995,,,0.318553,7277.83,0.627075,5,8,prompt,2,0,2,51812.2,0.7113,97400.0,81.4,0.3892,8.66,0.6,0.0,80.81,39.62,82.43,111.6,1.82,2.14,124.35,37.78,0.6754,0.5011,0.111,052.jpg,พริกจินดา,ยังไม่พร้อม,0.4644,0.7854,,
173622,0.048673,0.681443,0.241045,1.404025,0.296323,,,1.225703,1682.59,0.209747,3,3,prompt,0,0,0,61439.67,0.8739,137292.0,87.71,0.3851,70.78,0.04,0.0,87.67,42.92,70.16,82.42,0.04,0.14,122.04,27.35,0.7308,0.5706,0.1326,053.jpg,พริกจินดา,ยังไม่พร้อม,0.4919,0.7997,,
70551,0.007881,0.128008,0.460896,0.277737,0.13358,,,0.298688,3428.27,0.286453,1,1,prompt,0,0,2,34940.0,0.0,34940.0,87.02,0.3916,17.01,3.63,0.0,83.4,38.93,87.48,112.88,1.26,1.8,133.92,34.07,0.6337,0.528,0.0844,054.jpg,พริกจินดา,ยังไม่พร้อม,0.3034,0.7899,,
114670,0.017756,0.150533,0.415396,0.308566,0.283955,,,0.434645,3362.77,0.329748,4,5,prompt,1,0,0,18885.25,0.579,31250.0,72.06,0.382,68.21,10.31,0.07,61.68,39.28,74.27,75.96,0.95,2.05,119.14,39.48,0.789,0.5781,0.1084,055.jpg,พริกจินดา,ยังไม่พร้อม,0.2702,0.7924,,
171542,0.019162,0.264372,0.221591,1.193062,0.3271,,,0.508733,4465.24,0.373098,1,6,prompt,1,0,1,168311.0,0.0,168311.0,75.75,0.383,48.88,6.05,0.0,69.69,42.72,70.74,98.21,1.54,2.27,121.79,38.16,0.6501,0.5269,0.0994,056.jpg,พริกจินดา,ROI-ไม่ชัด-ตรวจเอง,0.3161,0.7877,,ไม่พบขวด (SAM3) → ROI ทั้งภาพ
106179,0.011861,0.146056,0.194184,0.752151,0.418197,,,1.324142,1749.42,0.146174,4,7,prompt,0,0,0,29866.25,0.8618,66835.0,96.85,0.4155,76.87,1.34,0.0,95.51,40.79,110.82,78.59,1.9,2.64,123.46,35.65,0.6707,0.5068,0.1186,057.jpg,พริกจินดา,ROI-ไม่ชัด-ตรวจเอง,0.3403,0.7848,,ไม่พบขวด (SAM3) → ROI ทั้งภาพ
324700,0.036271,0.549131,0.520388,1.055234,0.126928,,,0.226438,8102.52,0.677016,1,8,prompt,1,0,2,285129.0,0.0,285129.0,90.97,0.4024,54.54,4.61,0.0,86.36,39.51,99.27,87.69,1.96,2.65,125.66,38.84,0.7104,0.5411,0.0829,058.jpg,พริกจินดา,ROI-ไม่ชัด-ตรวจเอง,0.4558,0.7843,,ไม่พบขวด (SAM3) → ROI ทั้งภาพ
239837,0.026791,0.385695,0.469251,0.821937,0.148028,,,0.237308,8931.14,0.746252,1,2,prompt,1,0,3,95479.0,0.0,95479.0,56.6,0.3693,33.15,7.25,0.0,49.34,42.87,55.43,100.55,1.87,2.46,126.49,35.57,0.7775,0.6882,0.0526,059.jpg,พริกจินดา,ROI-ไม่ชัด-ตรวจเอง,0.2989,0.785,,ไม่พบขวด (SAM3) → ROI ทั้งภาพ
263212,0.038332,0.292375,0.498663,0.449732,0.262914,,,0.454806,4964.9,0.469539,1,5,prompt,1,0,1,198734.0,0.0,198734.0,88.75,0.4086,48.44,5.64,0.03,83.08,39.7,103.58,90.2,0.99,1.28,125.8,32.74,0.8044,0.6506,0.1006,060.jpg,พริกจินดา,ยังไม่พร้อม,0.3731,0.7921,,
208344,0.027798,0.194012,0.554144,0.293124,0.258559,,,0.407443,4690.33,0.426626,2,5,prompt,1,0,1,67669.0,0.7468,118207.0,73.89,0.3825,57.66,10.0,0.0,63.89,39.19,74.79,86.45,0.87,1.49,122.41,37.09,0.6998,0.5417,0.1246,061.jpg,พริกจินดา,ยังไม่พร้อม,0.2938,0.793,,
245557,0.034123,0.462656,0.396517,0.941723,0.186005,,,0.268513,6377.18,0.590917,1,4,prompt,1,0,3,228871.0,0.0,228871.0,87.23,0.4154,80.89,7.91,0.18,79.14,39.61,111.37,72.83,1.86,2.76,121.85,39.3,0.7737,0.569,0.1272,062.jpg,พริกจินดา,ยังไม่พร้อม,0.4175,0.7851,,
112562,0.013331,0.341892,0.334343,0.978852,0.116621,,,0.307213,4397.96,0.378287,3,3,prompt,1,0,4,17176.67,0.7513,35293.0,44.02,0.3677,32.73,7.63,0.0,36.4,39.37,54.49,92.8,1.41,2.07,120.22,36.65,0.6524,0.5334,0.1117,063.jpg,พริกจินดา,ยังไม่พร้อม,0.2413,0.7887,,
151889,0.016967,0.284425,0.417781,0.6808,0.142786,,,0.247921,4741.26,0.396161,1,4,prompt,1,0,2,71905.0,0.0,71905.0,66.4,0.3781,43.04,13.09,0.0,53.32,39.58,68.56,95.37,1.57,2.22,128.17,33.02,0.7206,0.525,0.1181,064.jpg,พริกจินดา,ROI-ไม่ชัด-ตรวจเอง,0.293,0.7874,,ไม่พบขวด (SAM3) → ROI ทั้งภาพ
280098,0.031289,0.297794,0.548128,0.543293,0.191685,,,0.278109,7111.06,0.594173,3,4,prompt,1,0,2,64531.0,0.1752,73164.0,76.72,0.3898,67.33,9.29,0.0,67.43,40.12,80.9,76.52,1.4,2.43,120.82,35.18,0.772,0.6451,0.1204,065.jpg,พริกจินดา,ROI-ไม่ชัด-ตรวจเอง,0.3351,0.7888,,ไม่พบขวด (SAM3) → ROI ทั้งภาพ
89284,0.010489,0.227065,0.264037,0.817722,0.17495,,,0.318331,3206.38,0.27466,3,3,prompt,1,0,1,23987.0,0.217,30771.0,82.72,0.3778,39.71,1.1,0.02,81.61,43.81,62.15,94.3,1.92,2.38,127.06,35.04,0.7807,0.5745,0.1232,066.jpg,พริกจินดา,ยังไม่พร้อม,0.3215,0.7846,,
120496,0.015436,0.327328,0.331885,0.86002,0.142091,,,0.246842,4132.76,0.368931,2,5,prompt,1,0,4,52448.0,0.6106,84472.0,40.02,0.3653,33.74,4.25,0.4,35.36,41.73,49.11,97.82,1.1,1.53,125.11,31.51,0.7176,0.5411,0.1319,067.jpg,พริกจินดา,ยังไม่พร้อม,0.226,0.7912,,
226499,0.03114,0.354175,0.465241,0.618534,0.188984,,,0.594193,3872.49,0.357044,3,7,prompt,1,0,5,51863.33,0.474,82676.0,73.46,0.3791,48.3,5.4,0.01,68.06,39.87,68.12,88.85,0.87,1.5,127.51,33.11,0.7048,0.5409,0.0988,068.jpg,พริกจินดา,ยังไม่พร้อม,0.3422,0.793,,
268685,0.030014,0.260361,0.535428,0.486267,0.2153,,,0.307628,6388.52,0.5338,2,4,prompt,1,0,1,71135.0,0.2604,89659.0,53.68,0.3702,11.78,3.06,0.0,50.62,40.23,55.26,118.24,1.12,1.49,137.19,29.8,0.8297,0.7812,0.04,069.jpg,พริกจินดา,ROI-ไม่ชัด-ตรวจเอง,0.2542,0.791,,ไม่พบขวด (SAM3) → ROI ทั้งภาพ
190497,0.02536,0.238697,0.199792,1.083478,0.53178,,,0.52038,3481.69,0.31721,3,4,prompt,1,0,1,43766.33,0.2921,60480.0,71.02,0.3783,21.75,4.23,0.04,66.75,44.66,60.73,100.83,0.47,0.67,134.74,28.21,0.7712,0.5738,0.1239,070.jpg,พริกจินดา,ยังไม่พร้อม,0.2973,0.7962,,
466034,0.062229,0.615262,0.666444,0.772317,0.151765,,,0.250417,9964.01,0.906643,4,4,prompt,1,0,2,85851.0,0.7695,161517.0,87.35,0.3945,26.54,6.65,0.0,80.7,41.73,82.49,102.72,0.33,0.57,151.19,27.86,0.8243,0.5796,0.1094,071.jpg,พริกจินดา,ยังไม่พร้อม,0.4777,0.7974,,
160479,0.017926,0.352607,0.187166,1.883929,0.27163,,,0.504641,3996.86,0.333962,3,3,prompt,1,0,1,41929.0,0.614,65456.0,62.85,0.3722,16.27,6.23,0.01,56.61,39.94,60.46,108.86,0.62,1.35,152.53,27.63,0.7271,0.5111,0.1597,072.jpg,พริกจินดา,ROI-ไม่ชัด-ตรวจเอง,0.3033,0.795,,ไม่พบขวด (SAM3) → ROI ทั้งภาพ
231098,0.025815,0.341912,0.56885,0.601058,0.132728,,,0.244442,6298.34,0.526265,2,4,prompt,1,0,3,87268.5,0.3439,117282.0,78.71,0.3948,52.22,16.38,0.0,62.34,36.65,94.68,83.37,1.64,2.39,124.39,34.93,0.6891,0.5578,0.122,073.jpg,พริกจินดา,ROI-ไม่ชัด-ตรวจเอง,0.3516,0.7869,,ไม่พบขวด (SAM3) → ROI ทั้งภาพ
139174,0.021048,0.38552,0.320856,0.8875,0.170156,,,0.251411,4671.94,0.449053,2,3,prompt,1,0,1,46632.0,0.4367,66994.0,54.87,0.3677,32.19,6.99,0.0,47.88,40.16,51.98,96.36,0.57,0.99,133.8,28.96,0.7575,0.6362,0.0974,074.jpg,พริกจินดา,ยังไม่พร้อม,0.2908,0.7954,,
95320,0.012518,0.137525,0.425134,0.275157,0.214106,,,0.478649,3202.43,0.289185,1,1,prompt,1,0,1,37302.0,0.0,37302.0,21.61,0.3539,0.03,1.56,0.0,20.05,41.03,34.08,150.84,0.37,0.53,166.4,16.2,0.6668,0.5948,0.0864,075.jpg,พริกจินดา,ยังไม่พร้อม,0.1123,0.797,,
277760,0.031027,0.259693,0.613971,0.422972,0.194599,,,0.325297,6846.25,0.572047,5,5,prompt,1,0,1,37408.2,0.6094,64610.0,70.06,0.3852,36.53,17.3,0.06,52.7,36.42,82.18,98.75,1.1,1.75,140.49,30.56,0.8492,0.7838,0.056,076.jpg,พริกจินดา,ROI-ไม่ชัด-ตรวจเอง,0.3036,0.7912,,ไม่พบขวด (SAM3) → ROI ทั้งภาพ
661931,0.073942,0.542781,0.906417,0.59882,0.150292,,,0.393517,10347.56,0.864602,6,6,prompt,2,0,4,45188.67,0.6182,87110.0,42.83,0.3629,5.94,6.81,0.37,35.65,33.34,53.83,121.41,0.95,1.56,142.26,31.2,0.7726,0.5754,0.1294,077.jpg,พริกจินดา,ROI-ไม่ชัด-ตรวจเอง,0.3283,0.7924,,ไม่พบขวด (SAM3) → ROI ทั้งภาพ
24057,0.002687,0.062166,0.136698,0.454768,0.316232,,,0.813781,1002.65,0.083777,1,0,fallback,0,0,1,27663.0,0.0,27663.0,79.82,0.3875,70.53,16.86,0.0,62.96,37.88,84.03,77.6,1.06,1.86,122.61,35.67,0.6842,0.6842,0.0,078.jpg,พริกจินดา,ROI-ไม่ชัด-ตรวจเอง,0.2595,0.7915,,ไม่พบขวด (SAM3) → ROI ทั้งภาพ | leaf prompt ไม่เจอ → นับใบจาก plant+shoot
84078,0.013228,0.116889,0.459153,0.231466,0.246466,,,0.403663,3297.53,0.326617,3,4,prompt,1,0,1,13368.0,0.1332,15825.0,51.19,0.3802,50.28,16.64,0.0,34.55,36.4,77.33,65.2,0.03,0.11,105.95,31.93,0.6624,0.6107,0.0438,079.jpg,พริกจินดา,ยังไม่พร้อม,0.1953,0.7998,,
36132,0.004497,0.152318,0.169147,0.828,0.174551,,,0.416594,1888.53,0.166419,1,0,fallback,0,0,2,42894.0,0.0,42894.0,16.59,0.356,11.1,47.18,4.46,-35.05,26.68,65.05,93.94,1.56,2.17,118.87,41.98,0.6146,0.5973,0.0174,080.jpg,พริกจินดา,ยังไม่พร้อม,0.0977,0.7875,,leaf prompt ไม่เจอ → นับใบจาก plant+shoot | ใบเหลืองมาก
155762,0.023946,0.386385,0.585561,0.479452,0.10584,,,0.233314,5199.76,0.503268,3,3,prompt,1,0,1,20247.0,0.1615,23396.0,42.64,0.365,8.86,17.26,0.04,25.33,35.13,54.24,126.03,0.57,0.87,158.28,18.85,0.8395,0.6926,0.0819,081.jpg,พริกจินดา,ยังไม่พร้อม,0.2558,0.7954,,
202502,0.022621,0.262701,0.649733,0.404321,0.132529,,,0.280797,6013.4,0.502456,5,6,prompt,1,0,4,25519.8,0.5124,46451.0,58.49,0.3739,4.18,9.7,0.0,48.79,36.3,65.92,140.5,0.93,1.41,141.63,40.5,0.6905,0.5232,0.1343,082.jpg,พริกจินดา,ROI-ไม่ชัด-ตรวจเอง,0.2656,0.7926,,ไม่พบขวด (SAM3) → ROI ทั้งภาพ
127438,0.014236,0.346257,0.266377,1.299875,0.154341,,,0.500683,3462.52,0.289315,1,0,fallback,1,0,1,140068.0,0.0,140068.0,69.06,0.369,23.87,23.68,0.35,45.03,35.96,62.58,102.21,1.13,1.96,129.99,32.99,0.7938,0.7118,0.082,083.jpg,พริกจินดา,ROI-ไม่ชัด-ตรวจเอง,0.3182,0.791,,ไม่พบขวด (SAM3) → ROI ทั้งภาพ | leaf prompt ไม่เจอ → นับใบจาก plant+shoot
290656,0.032468,0.492647,0.35127,1.402474,0.18762,,,0.341152,6269.1,0.523822,4,5,prompt,1,0,2,65591.25,0.647,125456.0,77.66,0.3871,33.78,23.81,0.01,53.84,36.98,84.65,97.38,1.71,2.52,126.8,36.68,0.8104,0.5566,0.1374,084.jpg,พริกจินดา,ROI-ไม่ชัด-ตรวจเอง,0.397,0.7863,,ไม่พบขวด (SAM3) → ROI ทั้งภาพ
132157,0.017234,0.250488,0.566845,0.378538,0.121375,,,0.297156,4833.3,0.435041,1,1,prompt,1,0,1,74075.0,0.0,74075.0,88.08,0.3912,32.13,6.12,0.0,81.96,37.24,89.7,97.61,1.87,2.63,127.63,33.49,0.722,0.5869,0.1155,085.jpg,พริกจินดา,ยังไม่พร้อม,0.348,0.785,,
203227,0.034018,0.649107,0.626922,0.869617,0.083595,,,0.782078,3491.95,0.355813,3,7,prompt,0,0,0,74654.33,0.8811,167632.0,87.9,0.3851,56.17,2.11,0.0,85.79,40.64,75.99,86.78,0.79,1.64,116.41,36.73,0.5951,0.5091,0.0727,086.jpg,พริกจินดา,ยังไม่พร้อม,0.4754,0.7937,,
158468,0.017702,0.175802,0.510695,0.344241,0.197166,,,1.745338,1393.55,0.11644,1,1,prompt,0,0,1,88793.0,0.0,88793.0,14.75,0.3521,0.0,4.2,0.0,10.55,39.08,31.25,125.72,0.84,1.1,147.81,27.87,0.7419,0.6446,0.0973,087.jpg,พริกจินดา,ROI-ไม่ชัด-ตรวจเอง,0.1058,0.7933,,ไม่พบขวด (SAM3) → ROI ทั้งภาพ
493713,0.055151,0.479612,0.763703,0.628009,0.150569,,,0.254837,10437.67,0.872132,3,6,prompt,1,0,7,106094.33,0.2778,135058.0,70.67,0.3781,25.32,5.16,0.28,65.23,44.3,70.6,102.31,1.38,1.71,126.55,31.79,0.6903,0.5122,0.0993,088.jpg,พริกจินดา,ROI-ไม่ชัด-ตรวจเอง,0.3835,0.789,,ไม่พบขวด (SAM3) → ROI ทั้งภาพ
440163,0.049169,0.395388,0.730281,0.541419,0.170285,,,0.282673,9222.55,0.7706,6,10,prompt,1,0,2,52828.5,1.0882,136899.0,90.55,0.3978,7.73,1.4,0.0,89.16,38.71,95.24,114.59,1.69,2.05,128.31,37.89,0.6649,0.5007,0.1205,089.jpg,พริกจินดา,ยังไม่พร้อม,0.4149,0.7865,,
40879,0.004566,0.058824,0.192848,0.305026,0.402543,,,0.642848,1430.81,0.119553,1,0,fallback,0,0,3,45708.0,0.0,45708.0,53.33,0.3712,7.93,39.91,0.0,13.42,32.19,72.64,126.42,0.95,1.11,141.91,31.07,0.5868,0.5117,0.0618,090.jpg,พริกจินดา,ROI-ไม่ชัด-ตรวจเอง,0.1799,0.7924,,ไม่พบขวด (SAM3) → ROI ทั้งภาพ | leaf prompt ไม่เจอ → นับใบจาก plant+shoot | ใบเหลืองมาก
284600,0.039833,0.385678,0.736965,0.417687,0.140141,,,0.224346,8491.26,0.789151,4,4,prompt,1,0,1,40536.25,0.7191,88272.0,92.42,0.394,29.01,1.22,0.0,91.2,40.19,86.51,106.01,1.13,1.42,129.85,31.53,0.7895,0.5917,0.1175,091.jpg,พริกจินดา,ยังไม่พร้อม,0.4129,0.791,,
508445,0.077596,0.60274,0.707553,0.623524,0.181949,,,0.300835,11511.17,1.110688,4,6,prompt,1,0,4,98681.25,0.6749,193544.0,86.36,0.3884,26.74,3.96,0.0,82.39,41.01,78.98,100.36,0.42,0.59,129.44,28.94,0.7764,0.5571,0.1356,092.jpg,พริกจินดา,ยังไม่พร้อม,0.4787,0.7966,,
254451,0.030547,0.65158,0.599933,1.010585,0.078145,,,0.141118,7550.78,0.653634,1,0,fallback,1,0,3,273262.0,0.0,273262.0,45.15,0.3584,0.0,3.49,0.0,41.66,40.3,41.53,129.66,1.47,1.95,145.12,29.25,0.6099,0.5295,0.0678,093.jpg,พริกจินดา,ยังไม่พร้อม,0.3462,0.7882,,leaf prompt ไม่เจอ → นับใบจาก plant+shoot
418159,0.068208,0.771108,0.679144,0.777559,0.130245,,,0.240194,8670.77,0.860025,6,9,prompt,1,0,4,42825.0,0.8729,105844.0,68.43,0.3864,47.86,9.24,0.0,59.19,37.66,79.92,92.16,0.16,0.27,128.81,27.82,0.6727,0.5042,0.1179,094.jpg,พริกจินดา,ยังไม่พร้อม,0.4707,0.7987,,
228244,0.03563,0.340495,0.664104,0.366885,0.15757,,,0.477265,4327.23,0.421511,3,5,prompt,1,0,1,45657.67,0.7109,90553.0,62.27,0.3746,51.7,4.77,0.0,57.5,40.54,64.18,89.52,0.73,1.47,126.4,33.22,0.6445,0.5109,0.1222,095.jpg,พริกจินดา,ยังไม่พร้อม,0.3068,0.7942,,
63320,0.008741,0.11235,0.392714,0.231489,0.198123,,,1.143724,1880.1,0.173665,2,0,fallback,0,0,1,36376.5,0.1251,40928.0,55.17,0.3703,46.29,12.36,0.0,42.81,36.43,61.26,81.2,0.23,0.6,123.64,27.95,0.8131,0.8131,0.0,096.jpg,พริกจินดา,ยังไม่พร้อม,0.2036,0.7982,,leaf prompt ไม่เจอ → นับใบจาก plant+shoot
294269,0.048117,0.545988,0.764037,0.488189,0.115346,,,0.259069,7922.64,0.7866,5,5,prompt,1,0,3,30744.8,0.6438,50282.0,71.61,0.382,51.78,5.5,0.13,65.98,38.9,75.84,91.71,0.4,0.8,129.32,30.71,0.7295,0.5545,0.121,097.jpg,พริกจินดา,ยังไม่พร้อม,0.4027,0.7968,,
155801,0.017404,0.235294,0.528409,0.445288,0.13998,,,0.581604,3533.02,0.295206,3,5,prompt,0,0,2,36485.67,0.9645,86254.0,82.62,0.3901,44.01,10.51,0.0,72.11,40.29,83.6,88.06,0.91,2.07,133.88,34.53,0.6065,0.5076,0.0979,098.jpg,พริกจินดา,ROI-ไม่ชัด-ตรวจเอง,0.3272,0.7927,,ไม่พบขวด (SAM3) → ROI ทั้งภาพ
296163,0.053884,0.650517,0.660094,0.605063,0.125486,,,0.36377,5858.99,0.606646,6,8,prompt,1,0,0,44074.5,0.6499,93960.0,86.08,0.3998,81.27,6.39,0.0,79.69,39.03,97.78,72.23,0.51,1.16,124.11,37.54,0.6978,0.512,0.1255,099.jpg,พริกจินดา,ยังไม่พร้อม,0.4803,0.7959,,
224531,0.066109,0.675758,0.589584,0.588003,0.16593,,,2.237312,1565.83,0.201109,4,4,prompt,0,0,0,62011.5,0.1988,71308.0,81.6,0.3974,48.81,51.3,0.0,30.31,35.63,102.39,91.08,0.08,0.13,120.37,25.84,0.733,0.6242,0.072,100.jpg,พริกจินดา,ยังไม่พร้อม,0.4806,0.7994,,ใบเหลืองมาก
